"PE6-001/14";"A";"EU rechtliche Spielräume für eine Zugangssteuerung zu Leistungen der Grundsicherung für Arbeitsuchende aus EU- Staaten"
"PE6-002/14";"A";"Mindestlohnvorschriften mit Ausnahmeregelungen für bestimmte Personengruppen - Vereinbarkeit mit dem Europarecht"
"PE6-002/15";"A";"Unionsrechtliche Zulässigkeit einer nach Straßenart differenzierenden Infrastruktur"
"PE6-005/14";"A";"Vergaberecht und die Teilnahme der Sanitätsdienste der Bundeswehr am zivilen Notfall- und Rettungsdienst"
"PE6-008/14";"A";"Kürzung des Kindergeldes und EU-Recht"
"PE6-008/15";"A";"Die Vereinbarkeit von Positivlisten für legal zu haltende Heimtiere mit Unionsrecht"
"PE6-009/15";"A";"Unionsrechtliche Relevanz einer Unterscheidung bei der Erwerbsmöglichkeit von Kurzzeitvignetten"
"PE6-012/15";"A";"Potenzielle Auswirkungen des Comprehensive Economic and Trade Agreements (CETA) auf das Nachtflugverbot am Flughafen Frankfurt am Main"
"PE6-014/14";"A";"Fragen zu Art. 13 Fiskalvertrag und zu Maßnahmen der Eurorettung"
"PE6-014/15";"A";"Hafenkooperation in Norddeutschland im Lichte des EU- Kartellrechts"
"PE6-016/15";"A";"Unionsrechtliche Anforderungen an eine Kennzeichnung von Getränkeverpackungen mit „Einweg"" oder „Mehrweg"""
"PE6-019/15";"A";"Fragen zur Beteiligung der Europäischen Zentralbank im Rahmen des Europäischen Stabilitätsmechanismus"
"PE6-020/15";"A";"Subventionierung neuer Gaskraftwerke im Lichte des EU- Beihilferechts"
"PE6-021/15";"A";"Der Grundsatz der gegenseitigen Anerkennung in Freihandelsabkommen"
"PE6-025/15";"A";"Unionsrechtliche Zulässigkeit von Invenstor-Staat-Schiedsverfahren in Freihandelsabkommen der Europäischen Union (EU)"
"PE6-026/15";"A";"Eintragung von Unionsbürgern in das Wählerverzeichnis bei Europawahlen"
"PE6-027/15";"A";"Fragen zur Liquiditätsversorgung von Kreditinstituten durch die EZB"
"PE6-032/15";"A";"Unionsrechtliche Anforderungen an eine europäische Vorabprüfung von Finanzmarktprodukten"
"PE6-034/14";"A";"Fragen zum Einheitlichen Abwicklungsmechanismus (SRM) und Einheitlichen Abwicklungsfonds (SRF)"
"PE6-034/15";"A";"Beteiligung der Mitgliedstaaten am europäischen Emissionszertifikatehandel"
"PE6-036/15";"A";"Zur Anwendung der AIFM-RL auf Genossenschaften"
"PE6-037/15";"A";"Einseitige mitgliedstaatliche Kündigung von EU- Freihandelsabkommen"
"PE6-040/15";"A";"Unionsrechtliche Regelungen zur Strafbarkeit von Hassreden"
"PE6-041/14";"A";"Fragen zu den Verhandlungen über eine Finanztransaktionssteuer im Wege der Verstärkten Zusammenarbeit"
"PE6-042/15";"A";"Regulierung von Kosmetika im Rahmen der Verhandlungen für ein transatlantisches Handels- und Investitionsabkommen (Transatlantic Trade and Investment Partnership (TTIP))"
"PE6-043/15";"A";"Fragen zu einem unionsrechtlichen Import- und Handelsverbot von mit Frackingsmethoden geförderten fossilen Energieträgern"
"PE6-044/15";"A";"Unionsrechtliche Regelungen zur strafrechtlichen Verfolgung von Hassreden"
"PE6-045/15";"A";"Verfahrensrechtliche Anforderungen des Unionsrechts bei der Einführung eines Leistungsschutzrechts für Presseverleger"
"PE6-046/15";"A";"Unionsrechtliche Anforderungen an einen Beitritt der EU zum Europarat"
"PE6-047/14";"A";"Die Berücksichtigung der Rentenreform im Rahmen der haushalts- und fiskalpolitischen Pflichten der Wirtschafts- und Währungsunion"
"PE6-048/15";"A";"Allgemeine Steuergutschrift für Forschungs- und Entwicklungsaufwendungen für KMU und EU-Beihilferecht"
"PE6-049/15";"A";"Vorläufiger Rechtsschutz vor Unionsgerichten gegenüber Maßnahmen der EZB im Zusammenhang mit der Liquidiatätsversorgung von mitgliedstaatlichen Gechäftsbanken"
"PE6-051/15";"A";"Die Mitgliedschaft im „Netzwerk gentechnikfreier Regionen in Europa"" als Begründung für ein Verbot des Anbaus von gentechnisch veränderten Organismen"
"PE6-053/15";"A";"Europarechtliche Spielräume zur Einführung einer Speicherpflicht und Höchstspeicherfrist für Verkehrsdaten in den Mitgliedstaaten der Europäischen Union"
"PE6-057/15";"A";"Die rechtliche Einbindung einer Verkehrsinfrastrukturgesellschaft und ÖPP in die europäische Schuldenregel"
"PE6-060/15";"A";"Auswirkungen der sog. „Enforcement Workshops"" der Europäischen Kommission auf die Handlungsbefugnisse des Deutschen Bundestages bei der Umsetzung von Richtlinien"
"PE6-063/14";"A";"Der Anbau von Genmais-1507 in der EU"
"PE6-063/15";"A";"Die Vereinbarkeit einer nationalen Holzkennzeichnungspflicht mit EU-Recht"
"PE6-064/14";"A";"Der Ausbau von Genmais-1507 in der Bundesrepublik Deutschland - Europarechtliche Aspekte einer nationalen Opt- Out-Regelung"
"PE6-065/15";"A";"Kommunale Kultur-Eigenbetriebe und EU-Beihilfenrecht"
"PE6-066/14";"A";"Europarechtliche Fragen eines nationalen Opt-Outs des Anbaus von Genmais-1507"
"PE6-070/15";"A";"Vereinbarkeit des „Entwurfs eines Gesetzes zur Einführung einer Speicherpflicht und einer Höchstspeicherfrist für Verkehrsdaten"" mit dem EuGH-Urteil vom 8, April 2014"
"PE6-078/14";"A";"Zur Diskussion der Ausbringung von Genmais-1507 in den Mitgliedstaaten"
"PE6-084/14";"A";"Verfahren zur Änderung der EU-Freisetzungsrichtlinie"
"PE6-086/14";"A";"Unionsrechtliche Zulässigkeit einer degressiven Abschreibung von Wohnraum in Ballungszentren"
"PE6-090/14";"A";"Erweiterung der Bemessungsgrundlage der geplanten Finanztransaktionssteuer um Devisentransaktionen"
"PE6-092/14";"A";"Unionsrechtliche Regelungen zu Heimtiertransporten"
"PE6-097/14";"AI";"Das Aufenthaltsrecht von Unionsbürgern aus anderen Mitgliedstaaten der Europäischen Union und ihr Zugang zu Grundsicherungsleistungen im Aufenthalts Staat unter besonderer Berücksichtigung der Rechtslage in Deutschland"
"PE6-098/14";"A";"Abwrackprämie für Schiffe und ihre Vereinbarkeit mit EU- Beihilferecht"
"PE6-102/14";"A";"Nationale Geschlechterquote für die Arbeitnehmerseite von Aufsichtsräten in Europäischen (Aktien-)Gesellschaften"
"PE6-106/14";"A";"Fragen zu den Möglichkeiten der EU-Mitgliedstaaten für ein Anbauverbot von gentechnisch veränderten Organismen"
"PE6-108/13";"A";"Visumpflicht für türkische Geschäftsleute"
"PE6-108/14";"A";"Fragen zur Datenschutzgrundverordnung"
"PE6-109/13";"A";"Förderung der Betriebsmehrkosten der Halter von Schienengüterwagen mit nachgerüsteten Verbundstoffbremssohlen"
"PE6-110/13";"A";"Vereinbarkeit des Vorschlags zur Neufassung der Tabakproduktrichtlinie mit dem Subsidiaritätsgrundsatz"
"PE6-112/13";"A";"Stellvertretung des Hohen Vertreters für die GASP und GSVP"
"PE6-112/14";"A";"Lösung von einem Investor-Staat-Streitbeilegungsmechanismus im Rahmen des Abkommens über eine Transatlantische Handels- und Investitionspartnerschaft (Transatlantic Trade and Investment Partnership TTIP) - NfD -"
"PE6-116/14";"A";"Fragen zu Aspekten des geplanten Investitionsschutzabkommens zwischen der EU und China"
"PE6-117/14";"A";"Anforderungen der EU an die Beitrittsländer in Bezug auf die Demokratisierung und Projekte zur Demokratieförderung anlässlich des Beitritts Kroatiens zur EU"
"PE6-118/14";"A";"Europarechtliche Fragen zur Einführung einer Opt-out- Möglichkeit der Mitgliedstaaten für den Anbau gentechnisch veränderter Organismen (Opt-out GVO)"
"PE6-119/14";"A";"Fragen zu den Aufgaben der Europäischen Kommission im Rahmen der Verhandlungen für ein Abkommen über eine Transatlantische Handels- und Investitionspartnerschaft (TTIP)"
"PE6-120/13";"A";"Kroatisches Gesetz über den Aufenthaltsort - Zur Vereinbarkeit mit dem EU-Recht"
"PE6-121/13";"A";"Tierkörperbeseitigung und EU-Beihilfenrecht - Entsorgung gefallener Tiere durch Kommunen nach dem Entwurf der Agrar- Freistellungsverordnung"
"PE6-124/14";"A";"Transport und Schlachtung trächtiger Kühe"
"PE6-125/13";"A";"Einflüsse der jüngeren Rechtsprechung des EuGH auf Grundsicherungsansprüche von Unionsbürgern"
"PE6-126/13";"A";"Europäische Rahmenbedingungen einer nationalen Zuwanderungsgesetzgebung"
"PE6-126/14";"A";"Unionsrechtliche Vorgaben für die Inhaberschaft von Arzneimittelzulassungen"
"PE6-127/14";"A";"Unionsrechtliche Anforderungen an ein Punktsystem bei der Zuwanderung"
"PE6-128/14";"A";"Besteuerung von Schulverpflegung"
"PE6-129/14";"A";"Mitgliedstaatliche Verbote von Weichmachern"
"PE6-131/14";"A";"Vereinbarkeit des Vorschlags für eine PKW-Maut bzw. Infrastrukturabgabe mit dem Unionsrecht"
"PE6-132/14";"A";"Unionsrechtliche Fragen zur Reform des Staatsangehörigkeitsrechts"
"PE6-133/14";"A";"Obergrenzen der Gläubigerbeteiligung im Gesetzentwurf der Bundesregierung für das BRRD-Umsetzungsgesetz"
"PE6-134/13";"A";"Fragen zum Sonderbericht des Europäischen Rechnungshofes „European Union Direct Financial Support to the Palestinian Authority"""
"PE6-139/14";"A";"Vereinbarkeit des Vorschlags für eine PKW-Maut bzw. Infrastrukturabgabe mit dem Unionsrecht"
"PE6-144/14";"A";"Fragen zur Vereinbarkeit des Vorschlags für eine PKW-Maut bzw. Infrastrukturabgabe mit dem Unionsrecht"
"PE6-146/14";"A";"Unionsrechtliche Fragen zur Dauer der Facharztausbildung bei Teilzeitausbildung"
"PE6-152/14";"A";"Abschluss des Comprehensive Econimics and Trade Agreements (CETA) als gemischtes Abkommen oder als EU-Abkommen"
"PE6-153/14";"A";"Fragen zum Inhalt und den Ratifikationsverfahren des Comprehensive Economic and Trade Agreements (CETA) und des Abkommens über eine Transatlantische Handels- und Investitionspartnerschaft (TTIP)"
"PE6-157/14";"A";"Fragen zur Reform des Freizügigkeitsgesetzes/EU"
"PE6-164/14";"A";"EU-Sanktionen gegen Russland - Rechtsgrundlagen und Rechtmäßigkeit restriktiver Maßnahmen der EU gegenüber dem Vorsitzenden der Staatsduma"
"PE6-165/14";"A";"Staatliche Förderung der Instandhaltung neuer Bremstechniken im Schienengüterverkehr und EU-Beihilfenrecht"
"PE6-168/14";"A";"Unionsrechtliche Zulässigkeit einer Inländerdiskriminierung durch die sog. PKW-Maut bzw. Infrastrukturabgabe"
"PE6-171/14";"A";"Möglichkeiten eines Opt-Outs einzelner EU-Mitgliedstaaten im Hinblick auf die Bestimmungen über ein Investor-Staat-Streitverfahren im Comprehensive Economic and Trade Agreement (CETA) und der Transatlantic Trade and Investment Partnership (TTIP)"
"PE6-173/14";"A";"Fragen zur vorläufigen Anwendung des Comprehensive Economic and Trade Agreements (CETA)"
"PE6-174/14";"A";"Europarechtliche Gestaltungsspielräume für nationale Vorgaben zur Zusammensetzung von Babynahrung"
"PE6-177/14";"A";"Zur Vereinbarkeit einer steuerlichen Anlaufhemmung für nicht erklärte ausländische Kapitalerträge mit Unionsrecht"
"PE6-181/14";"A";"Handlungsgrundlagen der Europäischen Zentralbank für den Ankauf von Asset-Backed-Securities (ABS)"
"PE6-182/14";"A";"Fragen zur vorläufgen Anwendung des Comprehensive Economic and Trade Agreements (CETA)"
"PE6-183/14";"A";"Wirkungen von Resolutionen des UN-Sicherheitsrates auf europäisches Sekundärrecht"
"PE6-184/14";"A";"Europarechtliche Spielräume zur Befragung und Auskunftspflicht nach § 22 Abs. la BPolG"
"PE6-187/14";"A";"Der unionsrechtliche Unternehmensbegriff und seine Konsequenzen für die Ausgabe von Arzneimitteln durch den Staat bzw. öffentliche Einrichtungen"
"PE6-188/14";"A";"Konsequenzen der neuen MiFID-II-Richtinie und der MiFIR-Verordnung für Hochfrequenzhandel und Nahrungsmittelspekulation"
"PE6-190/14";"A";"Auswirkungen des Comprehensive Economic ans Trade Agreements (CETA) auf die Regelungen der EU- Kraftstoffqualitätsrichtlinie 2009/30/EG"
"PE6-194/14";"A";"Stand der Beratungen über eine Datenschutzgrundverordnung"
"PE6-195/14";"A";"Fragen zur direkten Bankenrekapitalisierung durch den Europäischen Stabilitätsmechanismus"
"PE6-196/14";"A";"Rechtsschutz gegen einen Kommissionsbeschluss im EU- Beihilferecht - Zur Klageberechtigung potentieller Kläger im Hinblick auf den Beschluss der Kommission in Sachen AKW Hinkley Point C"
"PE6-197/14";"A";"Voraussetzungen für eine Verwendung von Finanzmitteln des Europäischen Stabilitätsmechanismus für ein europäisches Investitionsprogramm"
"PE6-200/14";"A";"EU-Beihilferechtliche Beurteilung von Ausfallbürgschaften bei Energieinspar-Contracting-Maßnahmen"
"PE6-201/14";"A";"Vereinbarkeit des Vorschlags zur Neufassung von § 7 Abs. 2 FreizügigG/EU-E im Hinblick auf die Einführung von Wiedereinreisesperren mit dem Unionsrecht"
"PE6-205/14";"A";"Verfahren zur Sicherung der Grundwerte und Grundrechte in der Europäischen Union"
"PE6-206/14";"A";"Unionsrechtliche Voraussetzungen für einen Einsatz von Körperscannern"
"PE6-207/14";"A";"Möglichkeiten der Mitgliedstaaten der Europäischen Union, die Einhaltung der Dublin III-Verordnung durch andere Mitgliedstaaten einzufordern"
"PE6-212/14";"A";"Vereinbarkeit der Gesetzentwürfe zur Einführung einer Infrastrukturabgabe und zur Reform des Kraftfahrzeugsteuergesetzes mit dem Unionsrecht"
"PE6-215/14";"A";"Unionsrechtskonformität des Entwurfs eines neuen § 2b Umsatzsteuergesetz (§ 2 b UStG-E)"
"PE6-217/14";"A";"Ansprüche von Unionsbürgern auf Grundsicherung für Arbeitsuchende"
"PE6-220/14";"A";"Vereinbarkeit der Gesetzentwürfe zur Einführung einer Infrastrukturabgabe und zur Reform des Kraftfahrzeugsteuergesetzes mit dem Verbot der Diskriminierung aus Gründen der Staatsangehörigkeit"
"PE6-221/14";"A";"Fragen zu den Ratifikationserfordernissen des Comprehensive Economic and Trade Agreements (CETA)"
"WD1-003/14";"A";"Volksparteien - Begriffsbestimmung und interne Entscheidungsabläufe"
"WD1-005/15";"A";"Der Weg zur Aufnahme diplomatischer Beziehungen zwischen Deutschland und Israel unter besonderer Berücksichtigung der Rolle der SPD und der Gewerkschaften"
"WD1-008/15";"A";"Sinkende Wahlbeteiligung in Deutschland - Ursachen und Lösungsvorschläge"
"WD1-014/14";"A";"Das transatlantische Freihandelsabkommen. Diskussionsstand und politische Themenverortung innerhalb der USA."
"WD1-015/14";"A";"Ermächtigungsgesetze von 1914 bis 1933 und die SPD"
"WD1-022/14";"A";"Zur Geschichte der Anti-Defamation League (ADL)"
"WD1-025/15";"A";"Die Partei DIE RECHTE Entstehung, regionale Verbreitung, politische Aktivitäten"
"WD1-031/14";"AI";"Historische Jahres- und Gedenktage - Auswahl für das Jahr 2015"
"WD1-036/14";"A";"Die Bedeutung der Französischen Revolution für die Menschenrechtspolitik in Europa"
"WD1-061/14";"A";"Zum Stand der geschichtswissenschaftlichen Forschung zu Paul von Lettow-Vorbeck (1870-1964)"
"WD1-067/13";"AI";"Alljährlich wiederkehrende Aktions- und Thementage - Auswahl für das Jahr 2014"
"WD1-068/13";"AI";"Historische Gedenktage - Auswahl für das Jahr 2014"
"WD1-071/13";"A";"Die Rolle des Deutschen Bundestages in den deutsch-ungarischen Beziehungen"
"WD1-073/13";"A";"Katholische Soziallehre und Soziale Marktwirtschaft"
"WD1-075/13";"A";"Politikergedenkstifungen"
"WD1-086/14";"A";"Mitgliederentwicklung von Kirchen und Religionsgemeinschaften in Deutschland seit 1919"
"WD1-106/14";"A";"Frauen in den Parlamenten der Europäischen Union Regelungen zur geschlechterparitätischen Besetzung im Vergleich"
"WD1-158/14";"AI";"Alljährlich wiederkehrende Aktions- und Thementage; Auswahl für das Jahr 2015"
"WD1-159/14";"A";"Rechtsextremismus in Deutschland unter besonderer Berücksichtigung der neuen Bundesländer"
"WD1-160/14";"AI";"25 Jahre Friedliche Revolution in der DDR.Die Selbstbefreiung der Ostdeutschen"
"WD1-167/14";;"Sonntag als Wahltag; Geschichtlicher Hintergrund in Deutschland und Wahltag in den EU-Mitgliedstaaten sowie in Norwegen und der Schweiz"
"WD10-006/14";"A";"Governance des Profi-Fußballs in Deutschland und die Finanzierung von Sportstätten"
"WD10-009/15";"A";"TTIP und Kultur"
"WD10-010/15";"A";"Restitution von Kunst- und Kulturgut, das von Behörden der ehemaligen sowjetischen Besatzungszone/DDR entzogen wurde"
"WD10-012/14";"A";"Vergleich der Sender CNN, Deutsche Welle, BBC und CCTV"
"WD10-019/14";"A";"Förderung ausgewählter Bereiche von Kultur und Kulturwissenschaft"
"WD10-021/14";"A";"Bedingungen für den Verzicht auf Rundfunklizenzen für Livestreams über das Internet"
"WD10-034/15";"A";"Kulturpolitik. Formen und Bereiche der Bundeskulturpolitik im föderalen Staat."
"WD10-038/15";"A";"Olympiaschutzgesetz in Deutschland"
"WD10-045/14";"A";"Regelungen zum Thema Cybermobbing in anderen Staaten"
"WD10-045/15";"A";"Beschluss der Bezirksverordnetenversammlung Friedrichshain-Kreuzberg gegen sexistische Werbung auf bezirkseigenen Flächen. Hintergründe, Ausgestaltung, rechtliche Aspekte,nationaler und internationaler Vergleich"
"WD10-047/14";"A";"Die transatlantische Handels- und Investitionspartnerschaft: Ausnahmeregelungen für Kultur und Medien?"
"WD10-049/14";"A";"Fragen zu Musik-Streamingdiensten und Missbrauch einer marktbeherrschenden Stellung im Musikmarkt"
"WD10-049/15";"A";"Magermodels in den Medien - Möglichkeiten staatlicher Einflussnahme"
"WD10-051/14";"A";"Sportliche Großveranstaltungen als Wirtschaftsfaktor"
"WD10-058/14";"A";"Deutsche Olympiabewerbungen"
"WD10-060/14";"A";"Kirchliche Vermögens- und Finanzverwaltung"
"WD10-063/14";"A";"Alternative Finanzierungsinstrumente in der Kinofilmförderung"
"WD10-068/13";"A";"Verletzung des allgemeinen Persönlichkeitsrechts durch Namensnennung in öffentlichen Petitionen"
"WD10-068/14";"A";"Finanzen und Vermögen der Kirchen in Deutschland"
"WD10-074/13";"A";"Kirchenbaulasten in der ehemaligen DDR"
"WD10-080/13";"A";"Zum heutigem Umgang mit kulturbezogenen Einrichtungen der ehemaligen Fürstenhäuser"
"WD10-081/13";"A";"Einzelfragen zum neuen Staatsvertrag über den Südwestfunk"
"WD10-082/14";"A";"Bedroht TTIP die Kultur? Zur Rolle von Kultur und Medien im Rahmen der Transatlantischen Handels- und Investitionspartnerschaft"
"WD10-083/14";"A";"Nationale Anti-Doping-Organisationen im internationalen Vergleich"
"WD10-084/13";"A";"Raubkunst und Restitution Der Fall Gurlitt und die Aufarbeitung der NS-Kunstpolitik"
"WD10-084/14";"A";"Das Dopingkontrollsystem in Deutschland"
"WD10-085/13";"A";"Das Dopingkontrollsystem in Deutschland"
"WD10-090/14";"A";"Finanzen und Vermögen der Kirchen in Deutschland"
"WD10-097/14";"A";"Korruption und Governance-Strukturen in internationalen Sportorganisationen"
"WD2-013/13";"AI";"Zusatzprotokoll zum Internationalen Pakt über wirtschaftliche, soziale und kulturelle Rechte"
"WD2-014/13";"AI";"Der Abschluss der erstinstanzlichen Verfahren am Ruanda-Tribunal der Vereinten Nationen"
"WD2-021/14";"A";"Zur Begründung von Auslandseinsätzen der Bundeswehr"
"WD2-038/15";"A";"Anwendbarkeit des humanitären Völkerrechts auf Computernetzwerkoperationen und digitale Kriegsführung (Cyber Warfare)"
"WD2-039/14";"A";"Herausforderungen für die Weiterentwicklung der Gemeinsamen Sicherheits- und Verteidigungspolitik der Europäischen Union"
"WD2-040/14";"A";"Die Neuausrichtung der Bundeswehr - Ziele, Maßnahmen, Herausforderungen"
"WD2-046/14";"A";"Zur deutschen Außenwissenschaftspolitik"
"WD2-048/15";"A";"Politikkohärenz im Interesse der Entwicklungszusammenarbeit im europäischen Vergleich"
"WD2-049/15";"A";"Lehren aus dem Ausland und Argumente für die Erarbeitung einer nationalen Sicherheitsstrategie der Bundesrepublik"
"WD2-052/15";"A";"Die Militärdoktrinen der Sowjetunion und der Russischen Föderation seit den 1970er Jahren"
"WD2-053/14";"A";"Deutsch-japanischer Sicherheitsdialog - Außen- und sicherheitspolitische Herausforderungen und Akteure in der ostasiatischen Region"
"WD2-053/15";"A";"Vereinbarkeit von Auslandsaktivitäten deutscher parteinaher Stiftungen mit dem allgemeinen Interventionsverbot des Völkerrechts"
"WD2-059/15";"AI";"Zur Staateninsolvenz: Begriff, Rechtsfolgen, Beispiele, Kodifizierungsbestrebungen"
"WD2-068/14";"A";"Zum Fortschritt beim Erreichen der Millenniums-Entwicklungsziele der Vereinten Nationen"
"WD2-078/14";"A";"Entwicklung der russischen Sicherheitspolitik seit der Amtseinführung Wladimir Putins als Präsident der Russischen Föderation im Jahr 2000"
"WD2-082/13";"A";"Zur Diskussion um eine Reform des völkerrechtlichen Status der IPU"
"WD2-083/13";"A";"Gewinnung von Telekommunikationsinformationen durch ausländische Nachrichtendienste aus völkerrechtlicher Sicht"
"WD2-093/13";"A";"Zur griechischen Zwangsanleihe von 1942"
"WD2-096/13";"A";"Zur Entwicklungszusammenarbeit Deutschlands und der EU mit China"
"WD2-151/14";"A";"Beteiligungsrechte des Bundestages bei der Lieferung von Kriegswaffen an die Kurden im Nordirak"
"WD2-153/14";"A";"Zu Projekten der Entwicklungszusammenarbeit im Bereich Frühkindlicher Bildung"
"WD2-164/14";"AI";"Fukushima: Bericht des UN-Ausschusses zur Untersuchung der Auswirkungen atomarer Strahlung"
"WD2-192/14";"AI";"Joko Widodo, neuer Präsident Indonesiens"
"WD2-206/14";"A";"Struktur und Effektivität der der Nationalen Kontaktstellen für die OECD-Leitsätze für multinationale Unternehmen"
"WD3-002/15";"A";"Einzelfragen zur geplanten Infrastrukturabgabe"
"WD3-003/14";"A";"Verfassungsmäßigkeit polizeirechtlicher Vorschriften zur Bestimmung von Gefahrengebieten"
"WD3-003/15";"A";"Erwerbstätigkeit von Drittstaatsangehörigen in der Bundesrepublik - Asylverfahren, Arbeitsmarktzugang und asylverfahrensrechtliche Auswirkungen auf eine Beschäftigung"
"WD3-005/14";"A";"Volksbegehren und Volksentscheid auf Bundesebene - Verfassungsrechtliche Situation im Hinblick auf die föderale Struktur Deutschlands und Rechtslage in Österreich und der Schweiz"
"WD3-006/15";"A";"Wahlrechtsausübung durch im Ausland lebende Wahlberechtigte - Überblick zu ausgewählten Mitgliedstaaten des Europarats"
"WD3-007/15";"A";"Welche rechtlichen Grundlagen sind für Volksbefragungen auf Bundesebene erforderlich?"
"WD3-008/14";"A";"Altersdiskriminierung aufgrund von § 39 Absatz 2 Satz 2 der Hessischen Gemeindeordnung"
"WD3-008/15";"A";"Ausgestaltung der Kontrollen nach dem Mindestlohngesetz - Ergänzung zu den Ausarbeitungen WD 3 - 3000 - 241/14 und WD 3 - 3 0 0 0 - 2 6 9 / 1 4"
"WD3-010/15";"A";"Einwanderung nach Deutschland - Bestandsaufnahme der geltenden ausländerrechtlichen Regelungen"
"WD3-012/14";"A";"Die Systeme der Gesetzlichen Rentenversicherung und der Beamtenversorgung des Bundes im Lichte des Gleichheitssatzes aus Artikel 3 Absatz 1 Grundgesetz"
"WD3-014/15";"A";"Modell der sog. Vorauswahlen in Schweden und Übertragbarkeit auf das Wahlrecht des Bundes"
"WD3-017/15";"A";"Umsetzung durch den Bund abgeschlossener völkerrechtlicher Verträge durch die Länder"
"WD3-018/14";"A";"Rechtsfragen zur Weitergeltung des Beitragssatzes in der gesetzlichen Rentenversicherung im Jahr 2014"
"WD3-020/14";"A";"Verstetigung des Petitionsausschusses über das Ende der Legislaturperiode"
"WD3-020/15";"A";"Verdachtsunabhängige Maßnahmen nach § 22 Abs. la BPolG und „Racial Profiling"""
"WD3-023/14";"A";"Zugang zu Diensttelefonlisten der Jobcenter nach dem IFG"
"WD3-024/15";"A";"Mitwirkungsvorbehalte des Bundestages in der Verordnungsgebung"
"WD3-025/15";"A";"Zuständigkeiten des Bundes und des Havariekommandos für das Rettungswesen auf Windenergieanlagen in der ausschließlichen Wirtschaftszone"
"WD3-026/14";"A";"Fragen zur Durchsetzung der deutschen Sprache als Arbeitssprache der Europäischen Union"
"WD3-026/15";"A";"Substantielle Investments als Voraussetzung für den Erwerb der Staatsbürgerschaft oder die Erteilung von Aufenthaltstiteln - Überblick zur Rechtslage in ausgewählten Mitgliedstaaten der Europäischen Union"
"WD3-029/15";"A";"Zulässigkeit einer zwingenden Anpassung der Gehälter von Abgeordnetenmitarbeitern bei einer Anpassung des Höchstsatzes der Mitarbeiterpauschale an die Tarifentwicklung im öffentlichen Dienst"
"WD3-030/14";"A";"Online-Wahlen - Erfahrungen in anderen Staaten und (verfassungs-)rechtliche Voraussetzungen für eine Einführung' in Deutschland"
"WD3-032/14";"A";"Auskunftsrechte des Bundestages in Angelegenheiten der Europäischen Union - Insbesondere in Bezug auf den Europäischen Stabilitätsmechanismus"
"WD3-034/14";"A";"Voraussetzungen für die Einleitung von Disziplinarverfahren gegen Minister und Staatssekretäre von Bundes- und Landesregierungen"
"WD3-034/15";"A";"Weiterentwicklung der Gemeinschaftsaufgabe „Verbesserung der , Agrarstruktur und des Küstenschutzes"" zu einer Gemeinschaftsaufgabe „Ländliche Entwicklung"""
"WD3-035/15";"AI";"Befassungs- und Beschlusskompetenz der Kommunalvertretungen im Hinblick auf den Abschluss von Freihandelsabkommen"
"WD3-039/15";"A";"Verkaufsverbot für E-Zigaretten und E-Shishas"
"WD3-043/15";"A";"Reichweite der Wesentlichkeitslehre - Grenzfälle der Wesentlichkeit"
"WD3-044/15";"A";"Maßnahmen des Bundes zur Terrorismusbekämpfung seit 2001 • Gesetzgebung und Evaluierung"
"WD3-045/14";"A";"Rechtsfragen zur Einsetzung eines Untersuchungsausschusses"
"WD3-046/14";"A";"Rückbau abgeschalteter Atomkraftwerke - Rechtsgrundlagen, Lagerung zurückgeholter Materialien und Kostentragung"
"WD3-047/14";"A";"Parlamentarische Informationsrechte über den Haushalt des Bundesamtes für Verfassungsschutz und des Bundesnachrichtendienstes"
"WD3-047/15";"A";"Erhebung personenbezogener Daten bei betriebsinternen Befragungen durch externe Ermittler"
"WD3-049/14";"A";"Kinderrechte in den Verfassungen der EU-Mitgliedstaaten - Bezüge zur UN-Kinderrechtskonvention"
"WD3-049/15";"A";"Gang des Parteiverbotsverfahrens - Von der Vorbereitung des Antrags bis zur Entscheidung des Bundesverfassungsgerichts"
"WD3-051/14";"A";"Erleichterter Zugang zum Medizinstudium für künftige Hausärzte in ländlichen Gebieten?"
"WD3-051/15";"A";"Verfassungsrechtlicher Anspruch des Bundestages auf deutschsprachige Informationen nach Art. 23 Abs, 2 und Abs, 3 GG"
"WD3-052/14";"A";"Verfassungsrechtliche Anforderungen an die geplante Reform des Eigenstromprivilegs im Erneuerbare-Energien-Gesetz"
"WD3-052/15";"A";"Synopse über die Tätigkeit der ständigen Ausschüsse sowie die parlamentarische Haushaltskontrolle im Deutschen Bundestag, der französischen Assemblee nationale und dem britischen House of Commons"
"WD3-053/15";"A";"Verbot religiöser Vereine - Rechtliche Voraussetzungen und Rechtsprechung"
"WD3-055/15";"A";"Zur Möglichkeit plenarersetzender Erledigungsbefugnisse des Petitionsausschusses"
"WD3-056/15";"A";"Zur Frage der Zustimmungsbedürftigkeit eines Gesetzes durch den Bundesrat - Entwurf eines Vierten Gesetzes zur Änderung des Gentechnikgesetzes"
"WD3-058/15";"A";"Zur verfassungsrechtlichen Zulässigkeit extraterritorialer Asylverfahren in Drittstaaten"
"WD3-060/14";"A";"Mandatsträgerbestechung - Zum Tatbestandsmerkmal des ungerechtfertigten Vorteils"
"WD3-062/14";"A";"Aufgaben und Kompetenzen des Präsidiums des Deutschen Bundestages und vergleichbarer Gremien in den Landtagen"
"WD3-063/15";"A";"Auskunftsanspruch von Arbeitnehmern zur Ermittlung von Entgeltungleichheit - Vereinbarkeit mit Datenschutz- und Verfassungsrecht"
"WD3-064/14";"A";"Rechtsfragen zur Berufshaftpflichtversicherung der freien Hebammen"
"WD3-064/15";"A";"Datenschutzrecht der Europäischen Union, Deutschlands und der USA"
"WD3-066/15";"A";"Extraterritoriale Verwaltungskompetenzen der Europäischen Union für Asylverfahren - Zu den rechtlichen Vorgaben aus nationaler Sicht"
"WD3-067/14";"A";"Der Übergang der Krim von der Russischen Sozialistischen Föderativen Sowjetrepublik [RSFSR) an die Ukrainische Sozialistische Sowjetrepublik im Jahr 1954 - Bedeutung für das Staatsgebiet der Ukraine"
"WD3-068/14";"A";"Amtsenthebung des Präsidenten der Ukraine - Verfassungsrechtliche und tatsächliche Fragen"
"WD3-069/15";"A";"Möglichkeiten des Verbotes von „Parteien"" nach dem Vereinsgesetz"
"WD3-071/15";"A";"Rechtlicher Rahmen für eine Regelung der Vorratsdatenspeicherung durch den deutschen Gesetzgeber"
"WD3-072/14";"A";"Rechtsschutz gegen „rassistische"" Äußerungen und sonstiges „rassistisches"" Behördenhandeln"
"WD3-075/15";"A";"Polizeiliche Aufgaben der Zollverwaltung"
"WD3-076/14";"A";"Verfassungsrechtlicher Rahmen für die Einführung einer sogenannten Mietpreisbremse"
"WD3-076/15";"A";"Das Wahlrecht der Auslandsdeutschen zum Deutschen Bundestag gemäß § 12 Abs. 2 Satz 1 BWahlG - Verfassungsmäßigkeit der Regelung und Verwaltungspraxis im Hinblick auf Mitarbeiterinnen und Mitarbeiter bei internationalen Organisationen sowie rechtsvergleichende Betrachtung"
"WD3-077/15";"A";"Einbeziehung des Europarechts in das Prüfungsrecht des Bundespräsidenten nach Art. 82 Abs. 1 Satz 1 GG"
"WD3-078/15";"A";"Zuständigkeitsfragen zum Notfallschutz bei Atomunfällen"
"WD3-079/15";"A";"Erstinstanzliche Zuständigkeit des Bundesverwaltungsgerichts bei Infrastrukturprojekten"
"WD3-081/14";"A";"Vereinbarkeit der geplanten Novellierung des Bundesgremienbesetzungsgesetzes mit der Freiheit des Abgeordnetenmandats"
"WD3-083/14";"A";"Anspruch des Freistaats Thüringen auf Nachverhandlungen über den Generalvertrag über die abschließende Finanzierung der ökologischen Altlasten im Freistaat Thüringen"
"WD3-083/15";"A";"Unterrichtungspflichten der Bundesregierung im Bereich der Gemeinsamen Außen- und Sicherheitspolitik und der Gemeinsamen Sicherheits- und Verteidigungspolitik nach Art. 23 Abs. 2 Satz 2 GG und § 7 EUZBBG"
"WD3-084/14";"A";"Bundesgesetzliche Regelung der Finanzierung von Frauenhäusern"
"WD3-084/15";"A";"Ausgewählte Fragen zu Asylstandards in EU-Mitgliedstaaten"
"WD3-086/14";"A";"Beteiligung der nationalen Parlamente im Euro-Raum in Bezug auf Maßnahmen des ESM - Zu den Rechten der nationalen Parlamente und zur Praxis bei bisherigen Hilfsmaßnahmen"
"WD3-087/15";"A";"Verfassungsrechtliche Aspekte des IT-Sicherheitsgesetzes"
"WD3-088/15";"A";"Zulässigkeit einer Vorratsdatenspeicherung in Deutschland nach der Rechtsprechung des Bundesverfassungsgerichts und des Europäischen Gerichtshofs"
"WD3-089/15";"A";"Grundgesetzlicher Anspruch auf gesundheitliche Versorgung"
"WD3-094/14";"A";"Ermächtigung der Bundesärztekammer zum Erlass von Richtlinien gemäß § 16 Absatz 1 Transplantationsgesetz"
"WD3-097/14";"A";"Vereinbarkeit der unterschiedlichen Belastung von neuen Eigenstromanlagen mit der EEG-Umlage nach dem geplanten §58 Abs. 6 EEG 2014"
"WD3-104/15";"A";"Informationsansprüche gegenüber juristischen Personen des Privatrechts mit Mehrheitsbeteiligung des Bundes - Insbesondere nach einer möglichen Änderung des Informationsfreiheitsgesetzes"
"WD3-106/15";"A";"Zum eigenständigen Aufenthaltsrecht eines Ehegatten nach dem Aufenthaltsgesetz"
"WD3-108/15";"A";"Die Umsetzung der Vorgaben des Bundesverfassungsgerichts zur Vorratsdatenspeicherung durch den Gesetzentwurf der Bundesregierung vom 27. Mai 2015"
"WD3-111/14";"A";"Entschädigungsansprüche von Grundstückseigentümern in der Nachbarschaft von Windkraftanlagen"
"WD3-111/15";"A";"Schadensersatzansprüche bei Streikmaßnahmen von Erziehern in Kindertagesstätten"
"WD3-112/14";"A";"Die Ausgestaltung des Amtes eines Chief Information Officers des Bundes nach bayerischem und hessischem Vorbild - Zur Vereinbarkeit mit dem Ressortprinzip nach Art. 65 Satz 2 GG"
"WD3-117/15";"A";"Zur Einrichtung eines Kinderbeauftragten beim Bundestag"
"WD3-118/15";"A";"Verfassungs- und versammlungsrechtliche Betrachtung von Wahlkampfauftritten eines Präsidenten eines anderen Staates in Deutschland"
"WD3-119/14";"A";"Föderale Zuständigkeiten in Dublin-Verfahren"
"WD3-120/14";"A";"Verfassungsmäßigkeit der Länderöffnungsklausel zur Vorgabe von Mindestabständen zwischen Windenergieanlagen und anderen baulichen Nutzungen"
"WD3-121/15";"A";"Rechtliche Rahmenbedingungen für die Einrichtung eines Kinderbeauftragten beim Bundestag"
"WD3-124/14";"A";"Die Rolle der nationalen Parlamente im Recht der Europäischen Union"
"WD3-124/15";"A";"Die politische Partei im Rechtssinne"
"WD3-125/14";"A";"Grundgesetzliche Kompetenzverteilung zwischen Bund und Ländern in den Bereichen Bildung und Wissenschaft - Änderungshistorie und deren Hintergründe seit Inkrafttreten des Grundgesetzes im Jahr 1949"
"WD3-127/15";"A";"Gesetzliche Höchstaltersgrenzen bei Amts- und Mandatsträgern und alternative Regelungsmöglichkeiten"
"WD3-128/14";"A";"Rechtsanspruch auf einen Ausbildungsplatz - Gesetzgeberische Möglichkeiten, Koalitionsvereinbarung und Stand der verfassungsrechtlichen Diskussion"
"WD3-129/14";"A";"Zur Frage eines Verbots von Symbolen der Missachtung staatlicher Gewalt"
"WD3-132/15";"A";"Regelungen zum Ausschluss des Wahlrechts"
"WD3-133/14";"A";"Untersuchungsausschüsse und Persönlichkeitsrechte Betroffener"
"WD3-133/15";"A";"Fragen zum Ermittlungsbeauftragten nach § 10 Untersuchungsausschussgesetz (PUAG)"
"WD3-134/15";"A";"Zur Verfassungsmäßigkeit der in dem Fracking-Regelung; vorgesehenen Beteiligung einer Expertenkommission am wasserrechtlichen Erlaubnisverfahren"
"WD3-136/14";"A";"Zur Regelungsdichte des Wahlrechts in den Verfassungen der deutschen Bundesländer und der Mitgliedstaaten der EU - Ein Vergleich mit den Bestimmungen des Grundgesetzes"
"WD3-136/15";"A";"Fragen zum Asylverfahren in Deutschland und in der Schweiz"
"WD3-138/15";"A";"Zur Anwendbarkeit des Bundesdatenschutzgesetzes auf Internet- Diensteanbieter A Zur Kontrolle von Personalvorgängen in der Abteilung 6 des"
"WD3-140/15";"A";"Bundeskanzleramtes durch das Parlamentarische Kontrollgremium A Verfahren zur Erfassung der Wahlberechtigten, zur"
"WD3-142/14";"A";"Wahlbenachrichtigung sowie zur besonderen Erfassung von Doppelstaatern bei der Erstellung der Wählerverzeichnisse für die Wahlen zum Europäischen Parlament - Überblick zu ausgewählten Mitgliedstaaten der Europäischen Union"
"WD3-145/15";"A";"Rechtsschutzmöglichkeiten gegen Bundesgesetze vor Inkrafttreten"
"WD3-146/14";"A";"Beteiligung der nationalen Parlamente im Euro-Raum in Bezug auf Maßnahmen des ESM - Zu den Rechten der nationalen Parlamente und zur Praxis bei bisherigen Hilfsmaßnahmen - Aktualisierung zu WD 3 - 3000 - 086/14"
"WD3-148/14";"A";"Das Punktesystem zur Bewertung von Zuwanderungsanträgen in Kanada - Verfassungs- und europarechtliche Bedingungen zu seiner Einführung in Deutschland"
"WD3-150/14";"A";"Ist ein Verbot von Tierbörsen verfassungsrechtlich zulässig?"
"WD3-150/15";"A";"Aufenthaltsgewährung für syrische Waisenkinder nach § 23 Aufenthaltsgesetz"
"WD3-151/14";"A";"Zu den Auswirkungen des Zweiten Gesetzes zur Änderung des Staatsangehörigkeitsgesetzes"
"WD3-152/14";"A";"Verfassungsmäßigkeit eines Verbots der Nutzung von Wohnraum als Zweitwohnungen?"
"WD3-154/14";"A";"Berechtigt die Gefahr eines Parteiausschlussverfahrens zur Zeugnisverweigerung gemäß § 22 Abs. 2 PUAG?"
"WD3-155/14";"A";"Privatisierung von Aufgaben des Hochwasserschutzes und der Umsetzung von Wasserbewirtschaftungszielen"
"WD3-157/14";"A";"Reichweite des Informationsfreiheitsgesetzes"
"WD3-168/14";"A";"Einrichtung kollektiver Teile innerhalb der Rückstellungen für Beitragsrückerstattung der Lebensversicherer - Zur Vereinbarkeit mit Artikel 14 GG"
"WD3-169/14";"A";"Verfassungsrechtliche und einfachgesetzliche Maßgaben für die Auskunftsrechte der Bundesministerien gegenüber nachgeordneten Behörden"
"WD3-171/14";"A";"Vereinbarkeit der Mensur bei schlagenden Studentenverbindungen mit der Verfassung und dem Waffenrecht"
"WD3-174/14";"A";"Fragen zum Versorgungsausgleich"
"WD3-175/14";"A";"Fragen zur Verfassungsmäßigkeit von Ausnahmebestimmungen zur geplanten PKW-Maut"
"WD3-178/14";"A";"Rechtliche Handhabe gegen salafistische Bestrebungen in Deutschland"
"WD3-179/14";"A";"Eilzuständigkeit von Beamten der Zollverwaltung in den Ländern"
"WD3-183/13";"A";"Normenkontrollverfahren in den Mitgliedstaaten der EU - Darstellung der Rechtslage in Frankreich, Lettland, Österreich, Finnland, Spanien und Bulgarien"
"WD3-187/14";"A";"Hat der Bund die Gesetzgebungskompetenz, um Regelungen für Lehrbeauftragte an öffentlichen Hochschulen zu treffen?"
"WD3-190/14";"A";"Beteiligungsrechte des Bundestages bei der Lieferung von Kriegswaffen an die Kurden im Nordirak"
"WD3-192/14";"A";"Was sind „Pflichtaufgaben der Kommunen im Auftrag des Bundes"" im Bereich der sozialen Daseinsvorsorge?"
"WD3-193/14";"A";"Beteiligungsrechte des Bundestages bei der Ausfuhr von Kriegswaffen in Krisengebiete - Waffenlieferungen an die Kurden im Nordirak"
"WD3-196/13";"AI";"Rechte der parlamentarischen Minderheiten im Bundestag"
"WD3-201/14";"A";"Verfassungsmäßigkeit einer bundesgesetzlichen Obduktionspflicht für Kleinkinder und Säuglinge"
"WD3-204/14";"A";"Formelle Privatisierung der Verwaltung - Bundesfernstraßen und Bundeswasserstraßen"
"WD3-205/14";"A";"Vereinbarkeit von Drogentests für Bezieher von Arbeitslosengeld II mit deren Grundrechten"
"WD3-207/14";"A";"Verfassungsmäßigkeit von Frauenquoten bei Sozialwahlen"
"WD3-208/13";"A";"Beteiligung und Mitwirkung des Deutschen Bundestages an dem Zustandekommen von Staatsverträgen und völkerrechtlichen Verträgen"
"WD3-210/14";"A";"Fragen zum Entwurf einer Rechtsverordnung gemäß § 56b Abs. 2 S. 1 VAG"
"WD3-213/14";"A";"Geheimschutzrecht des Bundes - Einstufungskriterien für Verschlusssachen, Kontrolle und Rechtsschutz"
"WD3-215/14";"A";"Verfassungsmäßigkeit der in Berufsordnungen der Ärztekammern normierten Verbote der Beihilfe zum Suizid"
"WD3-216/13";"A";"Zur Reichweite der Legitimationspflicht von Polizeibeamten in Versammlungen"
"WD3-217/14";"A";"Behandlung unbegleiteter minderjähriger Flüchtlinge - Rechtslage und Verfahrenspraxis in Deutschland"
"WD3-219/14";"A";"Überlegungen zur Schaffung eines „Finanz-TÜV"" - Haftungsfragen und Rückholung nicht-zulassungsfähiger Finanzinstrumente"
"WD3-220/14";"A";"Verfassungsrechtliche Rechtfertigung von gesetzlichen Ungleichbehandlungen aufgrund persönlicher Merkmale"
"WD3-222/13";"A";"Sind Mietpreisgrenzen für Gewerbeflächen verfassungsrechtlich zulässig?"
"WD3-225/13";"A";"Die Datenschutzbeauftragten des Bundes und der Länder - Stellung und rechtliche Grundlagen"
"WD3-225/14";"A";"Gesetzentwurf des Bundesrates zur Änderung des Schuldrechtsanpassungsgesetzes (BT-Drs. 18/2231) - Vereinbarkeit mit der Eigentumsgarantie (Art. 14 GG)"
"WD3-227/13";"A";"Parlamentarische Beratungsfülle und öffentliche Debatte - Eine Übersicht über die Regelungen zur Beratungseffizienz in den Bundesländern"
"WD3-230/13";"A";"Verfassungsrechtliche Zulässigkeit einer Ausschüttungssperre für Gesellschafter oder Anteilseigner privater Krankenhäuser"
"WD3-231/13";"A";"Verfassungsmäßigkeit von Mitgliederentscheiden in politischen Parteien über den Abschluss von Koalitionsverträsen"
"WD3-232/14";"A";"Die Atomendlagerstandortsuche nach dem Standortauswahlgesetz - Verfassungsmäßigkeit von Enteignungen und Veränderungssperren"
"WD3-233/14";"A";"Äußerungsbefugnisse des Bundespräsidenten im Bereich der Außenpolitik"
"WD3-234/13";"A";"Rechte parlamentarischer Minderheiten in Deutschland - Bestand und Veränderung seit 1949"
"WD3-234/14";"A";"Einzelfragen zum Gewährleistungsauftrag i Bundes nach Art. 87e Abs. 4 Grundgesetz"
"WD3-237/13";"A";"Rechte der parlamentarischen Minderheiten in den Landtagen - Überblick über ausgewählte Rechte"
"WD3-238/14";"A";"Nicht-Zulassung von Einsprüchen im Wahlprüfungsverfahren - Einsprüche von Anhängern der „Reichsbürgerbewegung"""
"WD3-239/13";"A";"Heraufsetzen des Schutzalters für Prostitution auf 21 Jahre"
"WD3-239/14";"A";"Transparenz in Verwaltungs- und Verfassungsgerichtsverfahren"
"WD3-241/14";"A";"Kontrollbefugnisse der Zollverwaltung in den Abgeordnetenbüros - Zur Reichweite der Polizeigewalt des Bundestagspräsidenten"
"WD3-242/13";"A";"Familien und Lebensgemeinschaften in Deutschland und Frankreich"
"WD3-244/14";"A";"Verdachtsunabhängige Maßnahmen nach § 22 Abs. la Bundespolizeigesetz"
"WD3-245/13";"A";"Erwerb der Staatsangehörigkeit durch Einbürgerung - Aktuelle Rechtslage"
"WD3-245/14";"A";"Anforderungen an eine Änderung des Grundgesetzes - Insbesondere zur Änderung des Art. 91b GG"
"WD3-248/13";"A";"Umsetzung der Verschlechterungsverbote des EWG-Türkei- Assoziationsrechts in Dänemark, den Niederlanden und Österreich"
"WD3-249/13";"A";"Einzelfragen zur Annahme von Belohnungen und Geschenken durch Bedienstete und Amtsträger des Bundes"
"WD3-250/14";"A";"Verfassungsmäßigkeit einer Frauenquote für die Wahl der Richterinnen und Richter des Bundesverfassungsgerichts"
"WD3-253/14";"A";"Die Auswirkungen der UN-Resolution 2178 (2014) auf das Ausländerrecht und das Passrecht"
"WD3-254/14";"A";"Parlamentarische Haushaltskontrolle - Ein Vergleich zwischen dem Deutschen Bundestag, der französischen Assemblee Nationale und dem britischen House of Commons"
"WD3-255/14";"A";"Struktur und Aufgaben der ständigen Ausschüsse - Ein Vergleich zwischen dem Deutschen Bundestag, der französischen Assemblee nationale und dem britischen House of Commons"
"WD3-258/14";"A";"Teilnahme von Ausländern an Volksabstimmungen"
"WD3-259/14";"A";"Art. 22 Abs, 1 S. 3 Grundgesetz - Hauptstadtgesetz - Prozessuale Durchsetzbarkeit von Gesetzeebungsaufträgen"
"WD3-268/14";"A";"Entscheidungskompetenzen des Bundestages - unter den Bedingungen von Privatisierung, europäischer Integration und völkerrechtlicher Einbindung"
"WD3-269/14";"A";"Kontrollen nach dem Mindestlohngesetz in den Wahlkreisbüros - Ergänzung zur Ausarbeitung WD 3 - 3000 - 241/14"
"WD3-270/14";"A";"Kompensationsleistungen für die Länder aufgrund der Abschaffung bestimmter Gemeinschaftsaufgaben und Finanzhilfen"
"WD3-274/14";"A";"Eingriffsbefugnisse der Polizei bei Demonstrationen - Strukturelle Vollzugsdefizite im Bereich des Versammlungsrechts?"
"WD3-277/14";"A";"Der Betrieb von Körperscannern auf Flughäfen aufgrund der Verordnung (EG) Nr. 272/2009"
"WD3-279/14";"A";"Änderungsbedarf im Passrecht aufgrund der UN-Resolution 2178 (2014)"
"WD3-284/14";"A";"Möglichkeit des Verbots der Suizidbeihilfe im Vereins- oder Gewerberecht"
"WD3-285/14";"A";"Voraussetzungen für die Untersagung der Einreise eines Ausländers nach Deutschland"
"WD3-287/14";"A";"Verpflichtende Geschlechterquote bei Bundestagswahlen nach dem Vorbild des französischen Paritégesetzes"
"WD3-288/14";"A";"Verfassungsmäßigkeit des Ausschlusses der Nichtzulassungsbeschwerde bei Klageverfahren in Wohnungseigentums Sachen"
"WD3-289/14";"A";"Vereinbarkeit eines Totalverbots von Fracking mit dem Grundrecht der Forschungsfreiheit"
"WD3-290/14";"A";"Amtsausstattung der Bundestagsabgeordneten - Verfassungsrechtliche Aspekte der Kostenpauschale"
"WD3-291/14";"A";"Geschlechterparität bei Wahlen nach französischem Vorbild"
"WD3-292/14";"A";"Verankerung des Nachhaltigkeitsbegriffs in den Verfassungen ausgewählter Staaten"
"WD3-293/14";"A";"Akustische Wohnraumüberwachung in Skandinavien und auf dem östlichen Balkan"
"WD3-294/14";"A";"Kinderrechte im Grundgesetz - Zum Vorschlag des Aktionsbündnisses Kinderrechte"
"WD3-295/14";"A";"Verfassungsmäßigkeit von Sonderregelungen für unter 25Jährige im SGB II"
"WD3-296/14";"A";"Vorzeitige Besitzeinweisung gemäß § 18f Bundesfernstraßengesetz - Vereinbarkeit der Regelung mit den Grundrechten"
"WD3-299/14";"A";"Föderale Kompetenzfragen im Hinblick auf die Verpflichtung zur Erbringung von Schießnachweisen bei Gesellschaftsjagden"
"WD3-300/14";"A";"Verbindlichkeit von Mediationsvereinbarungen"
"WD3-302/14";"A";"Zur Verfassungsmäßigkeit eines Verbots der Gesichtsverschleierung - Unter besonderer Berücksichtigung des Urteils des Europäischen Gerichtshofs für Menschenrechte vom 1. Juli 2014-Az.: 43835/11"
"WD3-303/14";"A";"Einzelfragen zur Suizidbeihilfe durch Ärzte"
"WD3-304/14";"A";"Verfassungsrechtliche Fragen der Amtsenthebung des Präsidenten der Ukraine - Ergänzung zur Ausarbeitung WD 3 - 3000 - 068/14"
"WD3-306/14";"A";"Zum Antrag nach § 17 Abs. 4 PUAG und der Beschwerde nach § 36 Abs. 3 PUAG - Form- und Fristerfordernisse"
"WD3-308/14";"A";"Erleichterter Zugang zum Medizinstudium für künftige Hausärzte in ländlichen Gebieten? - Ergänzung zur Ausarbeitung WD 3 - 3000-051/14"
"WD3-311/14";"A";"Datenschutzbestimmungen u n d Gesetzgebungskompetenzen bei der Zusammenarbeit von Sozialträgern im Rahmen von Jugendberufsagenturen"
"WD3-312/14";"A";"Rückbau von Atomkraftwerken und Entsorgung radioaktiver Abfälle - Rechtsgrundlagen und Fragen der finanziellen Vorsorge"
"WD3-313/14";"A";"Verfassungsmäßigkeit der Neuregelungen des Asylrechts zu sicheren Herkunftsstaaten"
"WD3-314/14";"A";"Informationsrechte des Bundestages - Berichte der Bundesregierung an Landesregierungen und Fachministerkonferenzen"
"WD3-315/14";"A";"Zulässigkeit und Grenzen von Wahlkampfbeschränkungen der Parteien"
"WD3-317/14";"A";"Sicherstellung der finanziellen Vorsorge für die Stilllegung und Beseitigung von Atomkraftwerken - Ein Überblick über die diskutierten Lösungsmöglichkeiten"
"WD4-005/15";"A";"Zustimmungspflicht des Bundesrats zum „Entwurf eines Gesetzes zur Einführung einer Infrastrukturabgabe für die Benutzung von Bundesfernstraßen"""
"WD4-016/14";"A";"Finanz-TÜV und Finanzmarktwächter"
"WD4-030/14";"A";"Finanzverfassungsrechtliche Fragen zur Zulässigkeit der Erhebung einer Bodenschätzeförderabgabe durch die Länder"
"WD4-033/15";"A";"Leistungsfähigkeit der Riester-Rente: Aufsichts- und steuerrechtliche Fragen"
"WD4-034/15";"A";"Zur Neuregelung der Erbschaftsteuer nach dem Urteil des Bundesverfassungsgerichts vom 17. Dezember 2014 - Abgrenzung des begünstigten Unternehmensvermögens"
"WD4-040/15";"A";"Leistungsbilanzüberschüsse der Bundesrepublik Deutschland im Lichte des Art. 109 Abs. 2 GG"
"WD4-051/15";"A";"Zur Bedeutung eines positiven Saldos des Kontrollkontos für die Nettoneuverschuldung des Bundes"
"WD4-059/15";"A";"Ausgewählte Fragen zu einer steuerlichen Förderung von Forschung und Entwicklung (FuE) - Internationaler Vergleich, Abgrenzungsfragen, Administration"
"WD4-062/14";"A";"Erlöspools in der Schifffahrt - Steuerliche"
"WD4-070/15";"A";"Erweiterung des Katalogs der gemeinnützigen Zwecke in § 52 Abs. 2 Abgabenordnung (AO) Auswirkungen auf andere Gesetze"
"WD4-088/14";"A";"Degressive Abschreibung auf angespannten Wohnungsmärkten in Ballungsgebieten"
"WD4-088/15";"A";"Wiedereinführung der Begünstigung der echten Erbschaftsteuerversicherung? Möglichkeiten und Grenzen"
"WD4-096/14";"A";"Ausgleich der kalten Progression in der Einkommensteuer"
"WD4-096/15";"A";"Die Gesetzgebungskompetenz für die Vermögensteuer Konkurrierende Gesetzgebung und Sperrwirkung"
"WD4-113/13";"A";"Altschuldentilgungsfonds"
"WD4-143/13";"A";"Steuer- und finanzverfassungsreclitliche Zulässigkeit der Variante einer Autobahn-Vignette"
"WD4-145/13";"A";"Verfassungsrechtliche Fragen zur steuerlichen Freistellung des Existenzminimums für Kinder"
"WD4-146/14";"A";"Haushaltsrechtliche Aspekte einer Zweckbindung von Kartellstrafen zugunsten des Verbraucherschutzes"
"WD4-153/14";"A";"Lizenzgebühren und steuerliche Förderung von Forschung und Entwicklung in Europa"
"WD4-173/14";"A";"Kompetenzübertragung im Rahmen der Bundessteuerverwaltung"
"WD4-193/14";"A";"Steuerliche Förderung von Forschung- und Entwicklung in ausgewählten EU-Staaten, Kanada, Japan und USA"
"WD4-194/14";"A";"Zur strafrechtlichen Verjährungsfrist bei Steuerhinterziehung sowie zur Vereinbarkeit einer steuerlichen Anlaufhemmung für nicht erklärte ausländische Kapitalerträge mit Unionsrecht"
"WD4-203/14";"A";"Abschaffung des Ehegattensplittings - Übergang zur Individualbesteuerung"
"WD4-212/14";"A";"Einzelfragen zur Neuordnung der föderalen Finanzbeziehungen"
"WD4-221/14";"A";"Unilaterale Handlungsmöglichkeiten gegen Steuervermeidung - Steuerplanung von Unternehmen im Ausland"
"WD4-233/14";"A";"Mittelverwendung der Beiträge des Restrukturierungsfonds"
"WD4-234/14";"A";"Besteuerung von Lebens- und Genussmitteln als Steuerungsinstrument der Volksgesundheit"
"WD5-003/14";"A";"Überblick über aktuelle Themen in der Energiepolitik"
"WD5-028/14";"A";"Verfassungsrechtliche Anforderungen an die geplante Reform des Eigenstromprivilegs im Erneuerbare-Energien-Gesetz"
"WD5-035/15";"A";"Maßnahmen gegen Antibiotikaresistenzen in der Tierhaltung in ausgewählten europäischen Mitgliedstaaten"
"WD5-045/14";"A";"Zusammenhänge zwischen der Förderung der Stromerzeugung aus erneuerbaren Energien und der Entwicklung des Strompreises für Haushaltskunden in Deutschland"
"WD5-057/14";"A";"Einzelfragen zu Umwelt- und Verbraucherschutzstandards in der EU, in Kanada und den USA"
"WD5-109/13";"AI";"Die Förderung der Stromerzeugung aus erneuerbaren Energien in Deutschland - Hintergründe und Entwicklungen"
"WD5-154/14";"A";"Studien und Informationen zu Übergewicht und Adipositas bei Kindern im Zusammenhang mit Lebensmittelwerbung"
"WD5-177/14";"A";"Vergleichende Analyse von Produkt- und Zulassungsstandards in den USA, Deutschland und der EU"
"WD6-003/14";"A";"Fachkräftemangel und Arbeitsvolumen"
"WD6-006/15";"A";"Rechtliche Rahmenbedingungen für Praktika - ausgewählte Fragestellungen"
"WD6-007/15";"A";"Der Gesetzentwurf zur Tarifeinheit aus verfassungsrechtlicher Sicht - ausgewählte Aspekte und weiterführende Fragestellungen"
"WD6-008/14";"A";"Vorgesehene gesetzliche Regelung zur Tarifeinheit und zur Erleichterung der Allgemeinverbindlicherklärung von Tarifverträgen aus verfassungsrechtlicher Sicht"
"WD6-019/14";"A";"Entgeltungleichheit zwischen Frauen und Männern - Statistiken und Analysen zum Gender Pay Gap"
"WD6-032/14";"A";"Fachkräfteengpässe und Fachkräftemangel in Deutschland - Analysen, Prognosen und Handlungsempfehlungen"
"WD6-037/14";"A";"Erwerbsminderungsschutz in der gesetzlichen Rentenversicherung - Auswirkungen der Reformen seit 1998 auf das Sicherungsniveau"
"WD6-038/15";"A";"Leistungsfähigkeit der sogenannten Riester-Rente aus sozialpolitischer Sicht"
"WD6-054/14";"A";"Fachkräftesicherung und Zuwanderung - Statistiken, Studien, Standpunkte"
"WD6-057/15";"A";"Armut in Deutschland"
"WD6-058/14";"A";"Abweichende Regelungen im SGB II von den Vorschriften des SGB X und SGG"
"WD6-060/14";"A";"Mindestlöhne für jüngere Arbeitnehmer/Jugendliche in Europa und die Auswirkungen auf das Beschäftigungsniveau dieser Gruppen"
"WD6-064/14";"A";"Ausgewählte soziale Grundrechte in Deutschland, Frankreich, Spanien, Finnland und der Slowakei - Einklagbarkeit der Rechte auf soziale Sicherung, Bildung, Wohnung"
"WD6-069/15";"AI";"Verpflichtung der Mitglieder des Deutschen Bundestages zur Zahlung der Künstlersozialabgabe"
"WD6-076/15";"A";"Streik und Koalitionsfreiheit als soziale Menschenrechte - UN- Sozialpakt und Europäische Sozialcharta vor deutschen Gerichten"
"WD6-080/15";"A";"Entschädigungszahlungen für die Opfer des Germanwings-Absturzes nach dem OEG? Abhandlung ausgewählter Fragen"
"WD6-089/13";"A";"Erstattung der Arbeitgeber-Aufwendungen bei Mutterschutzlohn - Umlagen für Berufsgenossenschaft, Urlaubskasse, Insolvenzgeld"
"WD6-096/13";"A";"Die Vergütung von Überstunden und Mehrarbeit, Nacht-, Sonn- und Feiertagsarbeit"
"WD6-101/13";"A";"Die Soziale Situation von Asylbewerbern in Deutschland - Statistiken, Studien, Stellungnahmen"
"WD6-114/14";"A";"Ausnahme von einem gesetzlichen Mindestlohn für Jugendliche ohne Berufsausbildung vor dem Hintergrund des allgemeinen Gleichheitssatzes sowie dessen mögliche Ausweitung auf junge Erwachsene bis 21 Jahre"
"WD6-119/13";"A";"Rechtliche Einordnung und Fragen zur Finanzierung der so genannten Mütterrente - Anerkennung der Erziehungsleistung für vor 1992 geborene Kinder in der gesetzlichen Rentenversicherung"
"WD6-124/14";"A";"Ausnahme von einem gesetzlichen Mindestlohn für geringfügig beschäftigte Saisonarbeitskräfte aus verfassungsrechtlicher Sicht"
"WD6-145/14";"A";"Die sogenannte Flexi-Rente - Regelungen der gesetzlichen Rentenversicherung zur Gestaltung des Übergangs vom Erwerbsleben in den Ruhestand"
"WD6-162/14";"A";"Der Begriff „vorübergehend"" in der EU-Leiharbeitsrichtlinie - Umsetzung in den Mitgliedstaaten und Richtlinienkonformität der Regelung im Arbeitnehmerüberlassungsgesetz"
"WD6-170/14";"A";"Einzelfragen zu Sonntagsarbeit und Sonntagsschutz"
"WD6-180/14";"A";"Entwicklungslinien der beruflichen Vorsorge im schweizerischen Alterssicherungssystem"
"WD6-189/14";"A";"Kettenbefristungen - Juristische Diskussion und Stand der Rechtsprechung"
"WD6-196/14";"A";"Diskussion zur Weiterentwicklung des Betriebsverfassungsgesetzes - Ausgewählte Fragestellung"
"WD6-206/14";"A";"Betriebliche und unternehmerische Mitbestimmung in Deutschland - Aktuelle politische Forderungen"
"WD6-216/14";"A";"Freistellungsregelungen für ehrenamtliche Helfer in internationalen Hilfseinsätzen am Beispiel der Seuche „Ebola"" - Ausgewählte Fragestellungen"
"WD6-217/14";"A";"Sonn- und Feiertagsschutz für Beschäftigte - Ausgewählte Fragestellungen"
"WD6-227/14";"A";"Arbeitsmarktneutralität im Bereich des bürgerschaftlichen Engagements - Ausgewählte Fragestellungen"
"WD6-239/14";"A";"Zugang zu passiven sozialen Leistungen bei Arbeitslosigkeit von EU-Bürgern - Dänemark, Niederlands, Frankreich, Belgien"
"WD6-240/14";"A";"Einzelfragen zum Arbeitsrecht - Haftung des Bauherrn auf ausstehende Arbeitsentgelte"
"WD6-246/14";"A";"Rechtliche Erwägungen zur Einführung von Mitbestimmungsrechten für Werkstatträte"
"WD6-247/14";"A";"Einschränkung, Vereinfachung und Abwandlung der Dokumentationspflichten der Arbeitgeber von geringfügig Beschäftigten - Rechtsverordnungen nach § 17 Abs. 3 und 4 MiLoG"
"WD6-254/14";"A";"Der Gesetzentwurf zur Tarifeinheit aus verfassungsrechtlicher Sicht - Ausgewählte Fragestellungen"
"WD7-008/15";"A";"Grundhochwasser und Hochwasserschutz sowie Haftungsfragen bei Schäden durch Grundwasserhochstände"
"WD7-015/15";"A";"Reform der Struktur des Vergaberechts"
"WD7-016/15";"A";"Regelung des Vergaberechts in einem Vergabegesetz"
"WD7-017/14";"A";"Allgemeine Haftungsfragen im Zusammenhang mit dem Kältemittel R 1234yf"
"WD7-028/14";"AI";"Das strafbare Verwenden von Kennzeichen verfassungswidriger Organisationen"
"WD7-031/15";"A";"Tätigkeitsverbot bei sexuellen Übergriffen gegen Minderjährige"
"WD7-042/15";"A";"Dethlinger Teich - Entsorgung von Rüstungsaltlasten"
"WD7-061/14";"AI";"Überprüfung eines Textbeitrages zur Ausstellung „Die Mauer ist weg"""
"WD7-063/15";"A";"Rechtsschutz im Vergabeverfahren unterhalb der Schwellenwerte"
"WD7-073/15";"A";"Strafbarkeit bei der Eizellen- und Embryonenspende"
"WD7-082/15";"A";"Lärmschutz bei Brauchtums-, Volksfesten und „Public Viewings"""
"WD7-091/15";"A";"Die Leitprinzipien für Wirtschaft und Menschenrechte der Vereinten Nationen"
"WD7-093/14";"A";"Braunkohleplanung in Brandenburg"
"WD7-115/14";"A";"Wertungsunterschiede zwischen Arbeitsstätten- und Versammlungsstättenrecht"
"WD7-131/15";"AI";"Die Auswahl von Aufsichtsratsmitgliedern, insbesondere bei Unternehmen mit maßgeblicher Beteiligung der öffentlichen Hand"
"WD7-164/14";"A";"Einzelfragen zur Umsetzung des Internationalen Übereinkommens zum Schutz aller Personen vor dem Verschwindenlassen"
"WD7-202/14";"A";"Zu einem Vorschlag für eine Ergänzung des § 97 Absatz 4 GWB"
"WD7-204/14";"A";"Reichweite des Nacherfüllungsanspruchs gemäß § 439 Abs. 1 Alt. 2 BGB bei Einbaufällen"
"WD7-208/14";"A";"Berücksichtigung bieterbezogener Qualitätskriterien bei der Vergabe von Arbeitsmarktdienstleistungen"
"WD7-216/13";"A";"Üble Nachrede und Verleumdung - Strafrechtliche Ahndung und zivilrechtliche Abwehr"
"WD7-225/14";"A";"Allgemeine gesetzliche Regelung zum „ärztlich assistierten Suizid"""
"WD7-227/14";"A";"Lärmschutz für Wohngebiete in der Nachbarschaft von Autobahnen"
"WD7-243/14";"A";"Rechtlicher Rahmen für die Tätigkeit von Nichtregierungsorganisationen in Deutschland"
"WD7-248/14";"AI";"Hochwasserschutzvorsorge"
"WD7-282/14";"A";"Dogmatische Regelungen der Sterbehilfe"
"WD7-283/14";"A";"Einstandspflicht eines Unternehmens für öffentlich-rechtliche Verbindlichkeiten eines Tochterunternehmens nach Maßgabe des Gesellschaftsrechts"
"WD7-284/14";"A";"Politische Initiativen zum Fracking"
"WD8-003/15";"A";"Interparlamentarisches Treffen - Ausschuss für die Rechte der Frau und Gleichstellung der Geschlechter (FEMM) des Europäischen Parlaments am 5. März in Brüssel"
"WD8-006/14";"A";"Aspekte der Delphi-Methode"
"WD8-028/15";"A";"Biologisch abbaubare Kunststoffe"
"WD8-032/14";"A";"Vor- und Nachteile verschiedener Energiespeichersysteme"
"WD8-033/15";"A";"Zu Umweltstandards in Kanada, den USA und der EU"
"WD8-036/14";"A";"Wissenschaftliche Zugänge zum Thema Bildungsaufstieg"
"WD8-046/15";"A";"Zur Berufsbildungsstelle See, Bremen"
"WD8-058/14";"AI";"Verschmutzung der Meere durch Mikroplastikpartikel"
"WD8-060/13";"A";"Vielfalt der Datenlage zum Bildungsaufstieg in Deutschland"
"WD8-065/13";"A";"Aktuelle Maßnahmen und Wirkungen der „Bildung für Nachhaltige Entwicklung"" in Deutschland"
"WD8-074/14";"AI";"Mülltrennung"
"WD8-090/14";"A";"Zum Gebrauch der Deutschen Sprache in der Wissenschaft"
"WD9-006/14";"A";"Sterbehilfeorganisationen in Deutschland - Rechtliche Rahmenbedingungen und Praxis der Suizidbegleitung"
"WD9-014/15";"A";"Strafrechtliche und außerstrafrechtliche Regelungen zur Bekämpfung von Korruption im Gesundheitswesen in Österreich und der Schweiz"
"WD9-016/15";"A";"Mitwirkungsrechte in Einrichtungen des „Betreuten Wohnens"" nach dem Heimrecht des Bundes und der Länder"
"WD9-021/14";"A";"Vergütung von Physio-und Ergotherapeuten - Angleichung der Vergütungssätze in den alten und neuen Bundesländern"""
"WD9-021/15";"A";"Zur Diskussion des Themas Sterbehilfe in Deutschland"
"WD9-022/15";"A";"Korruption im Gesundheitswesen - strafrechtliche Regelungen in ausgewählten europäischen Ländern"
"WD9-023/14";"A";"Aktuelle Informationen zum Familienpflegezeitgesetz - Rechtliche Regelungen, Stand der Umsetzung und Reformbedarf"
"WD9-023/15";"A";"Ruhen der Leistungen in der gesetzlichen Krankenversicherung bei Nichtzahlung von Beiträgen"
"WD9-027/14";"A";"Die Gesundheitsdienstgesetze der Länder"
"WD9-039/14";"A";"Die Herausnahme eines Krankenhauses aus dem Krankenhausplan eines Landes"
"WD9-050/14";"A";"Beitragspflicht von Leistungen der betrieblichen Altersversorgung in der Krankenversicherung der Rentner und der sozialen Pflegeversicherung"
"WD9-072/14";"A";"Stärkung der Selbstverwaltung in der GKV durch Rückkehr zur Beitragssatzautonomie der Krankenkassen - Rechtshistorische Entwicklung, verfassungsrechtliche Zulässigkeit und aktueller Diskussionsstand"
"WD9-081/13";"A";"Zur betäubungsmittelrechtlichen Zulässigkeit von Forschungsprojekten mit kontrollierter Abgabe von Cannabisprodukten"
"WD9-091/13";"A";"Gesundheitliche Auswirkungen der Atomwaffentests in Semipalatinsk"
"WD9-095/13";"A";"Krankenhäuser in privater Trägerschaft - Rechtsgrundlagen, verfassungsrechtliche Vorgaben und Finanzierung"
"WD9-102/14";"A";"Unterbrechung der Erwerbstätigkeit und (staatliche) Ausgleichsleistungen zur Pflege Angehöriger und der Betreuung von Kindern im europäischen Vergleich"
"WD9-105/14";"A";"Organisation der Notfallversorgung in Deutschland unter besonderer Berücksichtigung des Rettungsdienstes und des Ärztlichen Bereitschaftsdienstes"
"WD9-115/14";"A";"Individualbeschwerdeverfahren zur UN-Frauenrechts- und Kinderrechtskonvention - bisherige Rechtspraxis zur Umsetzung sozialer Menschenrechte und deren Auswirkungen"
"WD9-125/14";"A";"Die besondere Besteuerung von Lebens- und Genussmitteln als Steuerungsinstrument der Volksgesundheit - Folgenabschätzungen"
"WD9-128/14";"A";"Zur Einbeziehung der Bundeszentrale für gesundheitliche Aufklärung und zur möglichen Förderung der Schulvernetzungsstellen im Rahmen des Präventionsgesetzes (Referentenentwurf)"
